"Season","Sector","Category","Crop","QueryType","QueryText","KCCAns","StateName","DistrictName","BlockName","CreatedOn"
"KHARIF","AGRICULTURE","Millets","Maize (Makka)","	Plant Protection	","information regarding weed control of weeds ?","altrazine@ 150 gram in 60 liter in water to control of weeds","HIMACHAL PRADESH","KANGRA","DEHRA GOPIPUR                                     ","2017-07-01 10:47:27.173"
"KHARIF","ANIMAL HUSBANDRY","Animal","Bovine(Cow,Buffalo)","Animal Production (Piggery, Goatery, Sheep Farming etc.)","CONTACT NO ANIMAL HUSBANDRY ?","01894-230467 , 18001808006 .","HIMACHAL PRADESH","KANGRA","DEHRA GOPIPUR                                     ","2017-07-01 14:19:57.673"
"KHARIF","AGRICULTURE","Others","Others","Weather","information regarding weather ?","some,chance of rainfall today.","HIMACHAL PRADESH","KANGRA","DEHRA GOPIPUR                                     ","2017-07-01 14:56:49.963"
"KHARIF","AGRICULTURE","Others","Others","Weather","information regarding weather ?","some,chance of rainfall today.","HIMACHAL PRADESH","KANGRA","NAGROTA BAGWAN                                    ","2017-07-01 16:41:17.283"
"KHARIF","AGRICULTURE","Others","Others","Weather","information regarding weather ?","some,chance of rainfall today.","HIMACHAL PRADESH","KANGRA","KANGRA                                            ","2017-07-01 17:59:30.357"
"KHARIF","AGRICULTURE","Others","Others","Weather","information regarding weather ?","some,chance of rainfall today.","HIMACHAL PRADESH","KANGRA","NURPUR                                            ","2017-07-01 19:27:23.757"
"KHARIF","AGRICULTURE","Others","Others","Weather","information regarding weather ?","some,chance of rainfall today.","HIMACHAL PRADESH","KANGRA","NURPUR                                            ","2017-07-01 21:37:02.980"
"KHARIF","AGRICULTURE","Others","Others","Weather","information regarding weather ?","some,chance of rainfall today.","HIMACHAL PRADESH","KANGRA","DHARAMSHALA","2017-07-02 08:23:38.767"
"KHARIF","AGRICULTURE","Others","Others","Weather","information regarding weather ?","some,chance of rainfall today.","HIMACHAL PRADESH","KANGRA","SULAH                                             ","2017-07-02 09:14:32.263"
"KHARIF","AGRICULTURE","Others","Others","Weather","information regarding weather ?","some,chance of rainfall today.","HIMACHAL PRADESH","KANGRA","PANCHRUKHI                                        ","2017-07-02 09:34:52.267"
"KHARIF","AGRICULTURE","Cereals","Wheat","Cultural Practices","Information regarding for fertilizer dose in paddy crops?","Urea-16,KG,super phosphate-20,MOP-5KG /BIGHA fertilizer dose in paddy.","HIMACHAL PRADESH","KANGRA","NAGROTA BAGWAN                                    ","2017-07-02 15:45:30.863"
"KHARIF","AGRICULTURE","Others","Others","Weather","information regarding weather ?","some,chance of rainfall today.","HIMACHAL PRADESH","KANGRA","PRAGPUR                                           ","2017-07-02 16:02:18.813"
"KHARIF","AGRICULTURE","Others","Others","Weather","information regarding weather ?","some,chance of rainfall today.","HIMACHAL PRADESH","KANGRA","FATEHPUR                                          ","2017-07-02 17:30:59.083"
"KHARIF","AGRICULTURE","Others","Others","Weather","information regarding weather ?","some,chance of rainfall today.","HIMACHAL PRADESH","KANGRA","INDORA                                            ","2017-07-02 20:18:48.340"
"KHARIF","HORTICULTURE","Vegetables","Bitter Gourd","Cultural Practices","how to  Control root rot in bitter gourd ?","Control root rot in bitter gourd are drenching indofil m-45 @ 25gm + bavistin @ 10gm/10 litre of water.","HIMACHAL PRADESH","KANGRA","INDORA                                            ","2017-07-02 20:25:10.823"
"KHARIF","HORTICULTURE","Vegetables","Bottle Gourd ","Cultural Practices","how to Control root rot in bottle gourd?","Control root rot in bottle gourd are drenching indofil m-45 @ 25gm + bavistin @ 10gm/10 litre of water.","HIMACHAL PRADESH","KANGRA","INDORA                                            ","2017-07-02 21:18:59.433"
"KHARIF","HORTICULTURE","Vegetables","Pea (Vegetable)","Weather","Weather report of Pragpur ?","Weather report of Pragpur is cloudy and some  chances of rainfall.","HIMACHAL PRADESH","KANGRA","PRAGPUR                                           ","2017-07-03 08:25:34.290"
"KHARIF","AGRICULTURE","Cereals","Paddy (Dhan)","Cultural Practices","how to control weeds in field ?","spray 3 ml glyphosate per litre of water","HIMACHAL PRADESH","KANGRA","LAMBAGAON                                         ","2017-07-03 08:42:21.640"
"KHARIF","HORTICULTURE","Vegetables","Cucumber","Cultural Practices","how to Control root rot in cucumber ?","Control root rot in cucumber are drenching indofil m-45 @ 25gm + bavistin @ 10gm/10litre of water.","HIMACHAL PRADESH","KANGRA","FATEHPUR                                          ","2017-07-03 10:37:40.023"
"KHARIF","HORTICULTURE","Vegetables","Brinjal","Cultural Practices","how to weed control in Brinjal ?","weed control in Brinjal is spray pendimethilin @ 320ml/60 litre of water/bigha for used Under 48hours sowing time .","HIMACHAL PRADESH","KANGRA","DEHRA GOPIPUR                                     ","2017-07-03 10:46:00.210"
"KHARIF","AGRICULTURE","Others","Others","Weather","information regarding weather in kangra ?","some chance of rainfall today.","HIMACHAL PRADESH","KANGRA","BAIJNATH                                          ","2017-07-03 12:11:34.420"
"KHARIF","ANIMAL HUSBANDRY","Animal","POULTRY  FARM ","Disease Management","the farmer asked give me contact no. vet.?","please contact this no. vet. 1800 180 8006. 01894-230467","HIMACHAL PRADESH","KANGRA","PRAGPUR                                           ","2017-07-03 17:07:53.043"
"KHARIF","HORTICULTURE","Fruits","Apple","Cultural Practices","information regarding spray dose of Pre-Harvest (20-25 days before harvest)in apple?","spray dose of Pre-Harvest (20-25 days before harvest)in apple is Captan @ 600gram + malatheyan @ 200ml/200 litre of water.","HIMACHAL PRADESH","KANGRA","NAGROTA BAGWAN                                    ","2017-07-03 18:01:33.080"
"KHARIF","AGRICULTURE","Others","Others","Weather","information regarding weather ?","some,chance of rainfall today.","HIMACHAL PRADESH","KANGRA","KANGRA                                            ","2017-07-04 07:49:22.320"
"KHARIF","AGRICULTURE","Others","Others","Weather","information regarding weather ?","some,chance of rainfall today.","HIMACHAL PRADESH","KANGRA","NAGROTA BAGWAN                                    ","2017-07-04 10:09:31.307"
"KHARIF","AGRICULTURE","Others","Others","Weather","information regarding weather ?","some,chance of rainfall today.","HIMACHAL PRADESH","KANGRA","NURPUR                                            ","2017-07-04 13:50:10.943"
"KHARIF","AGRICULTURE","Others","Others","Weather","information regarding weather ?","some,chance of rainfall today.","HIMACHAL PRADESH","KANGRA","FATEHPUR                                          ","2017-07-04 16:01:16.787"
"KHARIF","AGRICULTURE","Others","Others","Weather","information regarding weather ?","some,chance of rainfall today.","HIMACHAL PRADESH","KANGRA","NURPUR                                            ","2017-07-04 18:32:40.117"
"KHARIF","AGRICULTURE","Others","Others","Weather","information regarding weather ?","some,chance of rainfall today.","HIMACHAL PRADESH","KANGRA","FATEHPUR                                          ","2017-07-04 18:36:41.980"
"KHARIF","HORTICULTURE","Vegetables","Cabbage","	Plant Protection	","Control root rot in tomato ?","Control root rot in tomato are drenching indofil m-45 @ 25gm + bavistin @ 10gm/10 litre of water.","HIMACHAL PRADESH","KANGRA","NURPUR                                            ","2017-07-04 18:42:11.107"
"KHARIF","AGRICULTURE","Others","Others","Weather","information regarding weather ?","some,chance of rainfall today.","HIMACHAL PRADESH","KANGRA","PRAGPUR                                           ","2017-07-04 20:11:28.023"
"KHARIF","AGRICULTURE","Others","Others","Weather","information regarding weather ?","some,chance of rainfall today.","HIMACHAL PRADESH","KANGRA","INDORA                                            ","2017-07-04 21:55:14.593"
"KHARIF","HORTICULTURE","Vegetables","Cucumber","	Plant Protection	","how to control blight in tomato ?","Spray blitox (copper oxychloride) @ 3 gram per liter water","HIMACHAL PRADESH","KANGRA","FATEHPUR                                          ","2017-07-05 09:22:07.887"
"KHARIF","AGRICULTURE","Oilseeds","Sesame (Gingelly/Til)/Sesamum","Weather","Weather report of nurpur ?","Weather report of nurpur is cloudy and some  chances of rainfall.","HIMACHAL PRADESH","KANGRA","NURPUR                                            ","2017-07-05 10:21:24.323"
"KHARIF","AGRICULTURE","Cereals","Paddy (Dhan)","Cultural Practices","Information regarding for deficiency of Zink in paddy crops?","Spray with zinc sulphare 21% @400gm+ quick lime @200gm/80 liter of water par bigha","HIMACHAL PRADESH","KANGRA","KANGRA                                            ","2017-07-05 11:25:28.743"
"KHARIF","AGRICULTURE","Millets","Maize (Makka)","	Plant Protection	","information regarding weed control of weeds ?","altrazine@ 150 gram in 60 liter in water to control of weeds","HIMACHAL PRADESH","KANGRA","FATEHPUR                                          ","2017-07-05 11:51:37.490"
"KHARIF","HORTICULTURE","Fruits","Kiwi Fruit","Weather","information regarding of weather","some chances of rain today","HIMACHAL PRADESH","KANGRA","FATEHPUR                                          ","2017-07-05 11:56:03.890"
"KHARIF","HORTICULTURE","Fruits","Lemon","Cultural Practices","subsidy of irrigation System.","Please contact to nearest block ADO and HDO is subsidy of irrigation System.","HIMACHAL PRADESH","KANGRA","DEHRA GOPIPUR                                     ","2017-07-05 12:38:51.723"
"KHARIF","AGRICULTURE","Others","Others","Weather","information regarding weather ?","some,chance of rainfall today.","HIMACHAL PRADESH","KANGRA","BHAWARNA                                          ","2017-07-05 14:05:48.630"
"KHARIF","AGRICULTURE","Others","Others","Weather","information regarding weather ?","some,chance of rainfall today.","HIMACHAL PRADESH","KANGRA","PRAGPUR                                           ","2017-07-05 14:21:12.400"
"KHARIF","AGRICULTURE","Others","Others","Weather","information regarding weather ?","some,chance of rainfall today.","HIMACHAL PRADESH","KANGRA","FATEHPUR                                          ","2017-07-05 14:53:31.303"
"KHARIF","AGRICULTURE","Others","Others","Weather","information regarding weather ?","some,chance of rainfall today.","HIMACHAL PRADESH","KANGRA","BAIJNATH                                          ","2017-07-05 15:52:49.420"
"KHARIF","AGRICULTURE","Others","Others","Weather","information regarding weather ?","some,chance of rainfall today.","HIMACHAL PRADESH","KANGRA","NURPUR                                            ","2017-07-05 16:08:25.930"
"KHARIF","AGRICULTURE","Others","Others","Weather","information regarding weather ?","some,chance of rainfall today.","HIMACHAL PRADESH","KANGRA","KANGRA                                            ","2017-07-05 17:17:59.203"
"KHARIF","AGRICULTURE","Others","Others","Weather","information regarding weather ?","some,chance of rainfall today.","HIMACHAL PRADESH","KANGRA","KANGRA                                            ","2017-07-05 17:38:54.973"
"KHARIF","AGRICULTURE","Others","Others","Weather","information regarding weather ?","some,chance of rainfall today.","HIMACHAL PRADESH","KANGRA","BHAWARNA                                          ","2017-07-05 18:38:19.600"
"KHARIF","AGRICULTURE","Others","Others","Weather","information regarding weather ?","some,chance of rainfall today.","HIMACHAL PRADESH","KANGRA","BAIJNATH                                          ","2017-07-05 18:47:36.593"
"KHARIF","AGRICULTURE","Others","Others","Weather","information regarding weather ?","some,chance of rainfall today.","HIMACHAL PRADESH","KANGRA","BAIJNATH                                          ","2017-07-05 18:52:22.687"
"KHARIF","AGRICULTURE","Others","Others","Weather","information regarding weather ?","some,chance of rainfall today.","HIMACHAL PRADESH","KANGRA","DEHRA GOPIPUR                                     ","2017-07-06 11:09:54.780"
"KHARIF","HORTICULTURE","Vegetables","Tomato","Cultural Practices","Information regarding Give me Nauni Uni.Helpline Phone No ?","Nauni Uni.Helpline Phone No are :01792-252326,252706","HIMACHAL PRADESH","KANGRA","NURPUR                                            ","2017-07-06 12:05:41.793"
"KHARIF","AGRICULTURE","Others","Others","Weather","information regarding weather ?","some,chance of rainfall today.","HIMACHAL PRADESH","KANGRA","FATEHPUR                                          ","2017-07-06 13:26:00.590"
"KHARIF","AGRICULTURE","Others","Others","Weather","information regarding weather ?","some,chance of rainfall today.","HIMACHAL PRADESH","KANGRA","NURPUR                                            ","2017-07-06 13:53:45.223"
"KHARIF","HORTICULTURE","Vegetables","Mushroom","Mushroom Production","information regarding of solan university contact number ?","contact number is  solan university -01792-230467","HIMACHAL PRADESH","KANGRA","INDORA                                            ","2017-07-06 19:07:05.263"
"KHARIF","AGRICULTURE","Cereals","Paddy (Dhan)","	Plant Protection	","Control root rot in tomato ?","Control root rot in tomato are drenching indofil m-45 @ 25gm + bavistin @ 10gm/10 litre of water.","HIMACHAL PRADESH","KANGRA","DHARAMSHALA","2017-07-06 20:05:26.963"
"KHARIF","HORTICULTURE","Vegetables","Capsicum","Weather","information regarding weather forecasting  ?","some chance of rainfall today .","HIMACHAL PRADESH","KANGRA","RAIT                                              ","2017-07-06 21:04:29.067"
"KHARIF","AGRICULTURE","Sugar and Starch Crops","Sugarcane (Noble Cane)","Cultural Practices","the farmer asked give me contact no. palampur uni. ?","please contact this no. 01894 230395,230399 palampur uni.","HIMACHAL PRADESH","KANGRA","DEHRA GOPIPUR                                     ","2017-07-07 06:49:02.023"
"KHARIF","HORTICULTURE","Vegetables","Cucumber","Cultural Practices","information regarding spray dose of 19:19:19 in cucumber ?","spray dose of 19:19:19 in cucumber is 3-4gm/litre of water.","HIMACHAL PRADESH","KANGRA","NURPUR                                            ","2017-07-07 06:58:43.733"
"KHARIF","AGRICULTURE","Cereals","Paddy (Dhan)","Cultural Practices","How to control  leaf folder  and stem borer in paddy ?","control  leaf folder  and stem borer in paddy are FerterraÂ® Insecticide broadcast  4kg/acre","HIMACHAL PRADESH","KANGRA","BHAWARNA                                          ","2017-07-07 07:18:04.977"
"KHARIF","AGRICULTURE","Cereals","Paddy (Dhan)","Weather","Weather report of kangra ?","Weather report of kangra is cloudy and some  chances of rainfall.","HIMACHAL PRADESH","KANGRA","PRAGPUR                                           ","2017-07-07 08:01:41.390"
"KHARIF","AGRICULTURE","Others","Others","Weather","information regarding weather ?","some,chance of rainfall today.","HIMACHAL PRADESH","KANGRA","NURPUR                                            ","2017-07-07 09:34:47.843"
"KHARIF","HORTICULTURE","Vegetables","Capsicum","Weather","information regarding of weather ?","some chances of rain today and tomorrow .","HIMACHAL PRADESH","KANGRA","NAGROTA BAGWAN                                    ","2017-07-07 10:33:54.597"
"KHARIF","HORTICULTURE","Vegetables","Capsicum","Weather","Weather report of Nurpur  ?","Weather report of Nurpur  is cloudy and some  chances of rainfall.","HIMACHAL PRADESH","KANGRA","NURPUR                                            ","2017-07-07 10:35:58.157"
"KHARIF","AGRICULTURE","Cereals","Paddy (Dhan)","Cultural Practices","how to control yellowness Paddy ?","spray with urea @70 gm +ferrous sulphate @60 gm/ 15 liter of water","HIMACHAL PRADESH","KANGRA","NURPUR                                            ","2017-07-07 11:12:25.980"
"KHARIF","HORTICULTURE","Vegetables","Tomato","Cultural Practices","How much subsides in Poly House ?","Subsides in Poly House are : 85 % Please Contect Nearest Agri. Block.","HIMACHAL PRADESH","KANGRA","KANGRA                                            ","2017-07-07 12:11:47.853"
"KHARIF","HORTICULTURE","Vegetables","Tomato","Cultural Practices","how to control of fruit spot in tomato ?","spray with blitox @3gm/liter of water .","HIMACHAL PRADESH","KANGRA","BAIJNATH                                          ","2017-07-07 12:18:06.037"
"KHARIF","HORTICULTURE","Vegetables","Tomato","Cultural Practices","how to control of fruit spot in tomato ?","spray with blitox @3gm/liter of water .","HIMACHAL PRADESH","KANGRA","INDORA                                            ","2017-07-07 12:24:10.573"
"KHARIF","AGRICULTURE","Others","Others","Weather","information regarding weather ?","some,chance of rainfall today.","HIMACHAL PRADESH","KANGRA","PRAGPUR                                           ","2017-07-07 12:31:45.977"
"KHARIF","HORTICULTURE","Vegetables","Tomato","Weather","Weather report of Rait ?","Weather report of Rait is cloudy and some  chances of rainfall.","HIMACHAL PRADESH","KANGRA","RAIT                                              ","2017-07-07 12:55:25.393"
"KHARIF","AGRICULTURE","Millets","Maize (Makka)","Cultural Practices","INFORMATION REGARDING WEATHER ?","some chances of rainfall today","HIMACHAL PRADESH","KANGRA","RAIT                                              ","2017-07-07 14:08:20.227"
"KHARIF","HORTICULTURE","Vegetables","Bottle Gourd ","Cultural Practices","how to Control leaf caterpillar in,bottle gourd ?","Control leaf caterpillar in,bottle gourd is spray cypermethelin @ 1 ml/litre of water.","HIMACHAL PRADESH","KANGRA","INDORA                                            ","2017-07-07 16:30:54.860"
"KHARIF","HORTICULTURE","Vegetables","Beans ","	Plant Protection	","information regarding weather forecasting  ?","some chance of rainfall today .","HIMACHAL PRADESH","KANGRA","FATEHPUR                                          ","2017-07-07 16:31:09.733"
"KHARIF","HORTICULTURE","Vegetables","Brinjal","	Plant Protection	","information regarding weather forecasting  ?","some chance of rainfall today .","HIMACHAL PRADESH","KANGRA","DEHRA GOPIPUR                                     ","2017-07-07 17:12:06.827"
"KHARIF","HORTICULTURE","Vegetables","Tomato","	Plant Protection	","Control leaf spot in tomato ?","Control leaf spot in tomato is spray blitox @ 3gram/litre of water.","HIMACHAL PRADESH","KANGRA","KANGRA                                            ","2017-07-07 17:57:04.727"
"KHARIF","AGRICULTURE","Millets","Maize (Makka)","Weed Management","How to control weed in maize crops?","weed control of maize is spray Atrazin 160gram/60 litre of water/bigha for used under 2days sowing time.and 200gram/4kg reta","HIMACHAL PRADESH","KANGRA","FATEHPUR                                          ","2017-07-08 08:38:09.607"
"KHARIF","HORTICULTURE","Vegetables","Tomato","Cultural Practices","how to control of fruit spot in tomato ?","spray with blitox @3gm/liter of water .","HIMACHAL PRADESH","KANGRA","INDORA                                            ","2017-07-08 09:36:09.380"
"KHARIF","HORTICULTURE","Vegetables","Bottle Gourd ","Cultural Practices","how to Control root rot in bottle gourd ?","Control root rot in bottle gourd are drenching indofil m-45 @ 25gm + bavistin @ 10gm/10litre of water.","HIMACHAL PRADESH","KANGRA","INDORA                                            ","2017-07-08 10:41:07.483"
"KHARIF","HORTICULTURE","Vegetables","Brussils Sprouts","Weather","Question:- Information regarding weather of Sirmaur?","Answer:- Mostly clear and some  chance of rainfall in today and night,","HIMACHAL PRADESH","KANGRA","NAGROTA SURIAN                                    ","2017-07-08 12:24:36.907"
"KHARIF","HORTICULTURE","Vegetables","Beans ","Weather","Question:- Information regarding weather of kangra ?","Answer:- Mostly clear and some chance of rainfall in today and night,","HIMACHAL PRADESH","KANGRA","NAGROTA SURIAN                                    ","2017-07-08 12:26:21.953"
"KHARIF","HORTICULTURE","Vegetables","Baby Corn","	Plant Protection	","Question:- Information regarding weather of nurpur ?","Answer:- Mostly clear and  some chance of rainfall in today and night,","HIMACHAL PRADESH","KANGRA","NURPUR                                            ","2017-07-08 13:14:41.363"
"KHARIF","AGRICULTURE","Millets","Maize (Makka)","Cultural Practices","how to control stem borer in maize?","control stem borer in maize is broadcasting carbofuran 3G @ 1 kg/kanal .","HIMACHAL PRADESH","KANGRA","NAGROTA SURIAN                                    ","2017-07-08 14:59:38.820"
"KHARIF","HORTICULTURE","Vegetables","Tomato","Weather","Weather report of Nurpur  ?","Weather report of Nurpur  is cloudy and some  chances of rainfall.","HIMACHAL PRADESH","KANGRA","NURPUR                                            ","2017-07-08 15:16:11.887"
"RABI","AGRICULTURE","Others","Others","	Field Preparation	","CONTACT NO PALAMPUR  UNIVERSITY ?","CONTACT NO PALAMPUR  UNIVERSITY 01894 230395 .","HIMACHAL PRADESH","KANGRA","NURPUR                                            ","2017-07-08 16:11:07.683"
"KHARIF","HORTICULTURE","Vegetables","Beans ","Weather","Information regarding control of late  blight in Tomato?","Spray Curzate @ 2 gm / 1 lt water","HIMACHAL PRADESH","KANGRA","DEHRA GOPIPUR                                     ","2017-07-08 16:20:29.283"
"RABI","AGRICULTURE","Others","Others","	Plant Protection	","CONTACT NO PALAMPUR  UNIVERSITY ?","CONTACT NO PALAMPUR  UNIVERSITY 01894 230395 .","HIMACHAL PRADESH","KANGRA","DEHRA GOPIPUR                                     ","2017-07-08 16:54:23.300"
"KHARIF","HORTICULTURE","Vegetables","Beans ","Weather","Question:- Information regarding weather of kangra?","Answer:- Mostly clear and some  chance of rainfall in today and night,","HIMACHAL PRADESH","KANGRA","FATEHPUR                                          ","2017-07-09 06:38:38.320"
"KHARIF","HORTICULTURE","Medicinal and Aromatic Plants","Neem","Weather","Question:- Information regarding weather of kangra?","Answer:- Mostly clear and no chance of rainfall in today and night,","HIMACHAL PRADESH","KANGRA","NURPUR                                            ","2017-07-09 07:07:23.537"
"KHARIF","HORTICULTURE","Vegetables","Capsicum","Weather","Question:- Information regarding weather of kangra ?","Answer:- Mostly clear and some  chance of rainfall in today and night,","HIMACHAL PRADESH","KANGRA","DEHRA GOPIPUR                                     ","2017-07-09 07:44:23.040"
"KHARIF","HORTICULTURE","Vegetables","Bitter Gourd","Weather","Question:- Information regarding weather of Sirmaur?","Answer:- Mostly clear and some  chance of rainfall in today and night,","HIMACHAL PRADESH","KANGRA","NURPUR                                            ","2017-07-09 07:55:43.670"
"KHARIF","ANIMAL HUSBANDRY","Animal","Bovine(Cow,Buffalo)","Disease Management","the farmer asked give me contact no. vet.?","please contact this no. vet. 1800 180 8006.0177 283 0089","HIMACHAL PRADESH","KANGRA","FATEHPUR                                          ","2017-07-09 07:59:05.960"
"KHARIF","HORTICULTURE","Vegetables","Cucumber","	Plant Protection	","how to control fungal disease in cucumber ?","spray 2.5 gram saaf  per litre of water","HIMACHAL PRADESH","KANGRA","BAIJNATH                                          ","2017-07-09 09:12:28.040"
"KHARIF","HORTICULTURE","Vegetables","Tomato","	Plant Protection	","Question:- Information regarding weather of kangra ?","Answer:- Mostly clear and some  chance of rainfall in today and night,","HIMACHAL PRADESH","KANGRA","DHARAMSHALA","2017-07-09 09:17:56.600"
"KHARIF","AGRICULTURE","Cereals","Paddy (Dhan)","Cultural Practices","HOW TO WEED CONTROL OF PADDY ?","weed control in Paddy is spray Nominee Gold @ 100ml/200 litre of water/bigha for used after  25-30 days sowing time .","HIMACHAL PRADESH","KANGRA","KANGRA                                            ","2017-07-09 09:40:12.107"
"KHARIF","AGRICULTURE","Millets","Maize (Makka)","Cultural Practices","How to control weed in maize crops?","weed control of maize is spray Atrazin 160gram/60 litre of water/bigha for used under 2days sowing time.and 200gram/4kg reta","HIMACHAL PRADESH","KANGRA","DEHRA GOPIPUR                                     ","2017-07-09 11:46:57.230"
"KHARIF","HORTICULTURE","Fruits","Papaya","	Plant Protection	","Information Regardind Weather in KANGRA ?","Weather in KANGRA  are : Today chance of rain .","HIMACHAL PRADESH","KANGRA","FATEHPUR                                          ","2017-07-09 17:31:28.390"
"KHARIF","AGRICULTURE","Oilseeds","Sesame (Gingelly/Til)/Sesamum","Weather","Weather report of Nurpur ?","Weather report of Nurpur is cloudy and some  chances of rainfall.","HIMACHAL PRADESH","KANGRA","NURPUR                                            ","2017-07-10 07:46:10.467"
"KHARIF","HORTICULTURE","Vegetables","Tomato","Weather","Weather report of Nurpur ?","Weather report of Nurpur  is cloudy and some  chances of rainfall.","HIMACHAL PRADESH","KANGRA","NURPUR                                            ","2017-07-10 10:54:44.037"
"KHARIF","HORTICULTURE","Fruits","Apple","Cultural Practices","Information regarding Give me Nauni Uni.Helpline Phone No ?","Nauni Uni.Helpline Phone No are :01792-252326,252706","HIMACHAL PRADESH","KANGRA","DEHRA GOPIPUR                                     ","2017-07-10 11:53:13.623"
"RABI","AGRICULTURE","Others","Others","	Plant Protection	","weather of kangra ?","some chance of rainfall .","HIMACHAL PRADESH","KANGRA","BHAWARNA                                          ","2017-07-10 12:10:41.443"
"JAYAD","AGRICULTURE","Others","Others","	Plant Protection	","weather of kangra ?","some chance of rainfall today .","HIMACHAL PRADESH","KANGRA","FATEHPUR                                          ","2017-07-10 17:36:14.790"
"RABI","AGRICULTURE","Others","Others","	Field Preparation	","weather of kangra ?","some chance of rainfall","HIMACHAL PRADESH","KANGRA","INDORA                                            ","2017-07-10 18:20:22.783"
"RABI","AGRICULTURE","Others","Others","	Field Preparation	","weather of kangra ?","some chance of rainfall","HIMACHAL PRADESH","KANGRA","INDORA                                            ","2017-07-10 18:20:22.987"
"RABI","AGRICULTURE","Others","Others","	Plant Protection	","solan university number ?","solan university number -01792 252328","HIMACHAL PRADESH","KANGRA","KANGRA                                            ","2017-07-10 21:48:28.137"
"KHARIF","HORTICULTURE","Vegetables","Tomato","Weather","Weather report of Nurpur ?","Weather report of Nurpur is cloudy and some  chances of rainfall.","HIMACHAL PRADESH","KANGRA","NURPUR                                            ","2017-07-11 07:12:25.427"
"KHARIF","AGRICULTURE","Cereals","Paddy (Dhan)","Cultural Practices","HOW TO WEED CONTROL OF PADDY ?","APPLY 30KG MACHETI 5% GRENUAL 4-5CM STANDING WATER/spray beautaclor 120g/60 liter of  water/bigha..","HIMACHAL PRADESH","KANGRA","RAIT                                              ","2017-07-11 07:34:26.903"
"KHARIF","HORTICULTURE","Fruits","Litchi","Cultural Practices","Information regarding Give me Nauni Uni.Helpline Phone No ?","Nauni Uni.Helpline Phone No are :01792-252326,252706","HIMACHAL PRADESH","KANGRA","BHAWARNA                                          ","2017-07-11 10:41:31.493"
"KHARIF","HORTICULTURE","Vegetables","Tomato","Weather","Weather report of tomato ?","Weather report of tomato is cloudy and some  chances of rainfall.","HIMACHAL PRADESH","KANGRA","NURPUR                                            ","2017-07-11 10:52:01.483"
"KHARIF","HORTICULTURE","Vegetables","Brinjal","Cultural Practices","how to control mites in brinjal ?","control mites in brinjal are spray malathiyon @ 1 ml/ litre of water.","HIMACHAL PRADESH","KANGRA","DHARAMSHALA","2017-07-11 11:14:35.987"
"RABI","AGRICULTURE","Others","Others","	Plant Protection	","CONTACT NO PALAMPUR  UNIVERSITY ?","CONTACT NO PALAMPUR  UNIVERSITY 01894 230395 .","HIMACHAL PRADESH","KANGRA","INDORA                                            ","2017-07-11 17:34:02.963"
"RABI","AGRICULTURE","Others","Others","	Plant Protection	","weather of mandi ?","some chance of rainfall","HIMACHAL PRADESH","KANGRA","DHARAMSHALA","2017-07-11 17:46:56.777"
"KHARIF","AGRICULTURE","Others","Others","	Plant Protection	","weather of kangra ?","some chance of rainfall","HIMACHAL PRADESH","KANGRA","PRAGPUR                                           ","2017-07-11 17:55:00.553"
"KHARIF","AGRICULTURE","Cereals","Paddy (Dhan)","Weed Management","HOW TO WEED CONTROL OF PADDY ?","APPLY 30KG MACHETI 5% GRENUAL 4-5CM STANDING WATER/spray beautaclor 120g/60 liter of  water/bigha..","HIMACHAL PRADESH","KANGRA","RAIT                                              ","2017-07-12 08:23:39.840"
"KHARIF","HORTICULTURE","Fruits","Pomegranate","Cultural Practices","how to control fruit borer in pomegranate ?","control fruit borer in pomegranate are spray cypermethilin 1 ml/litre of water for flowering time.","HIMACHAL PRADESH","KANGRA","NURPUR                                            ","2017-07-12 13:04:35.937"
"KHARIF","HORTICULTURE","Vegetables","Cabbage","Weather","information regarding of weather ?","some chances of rain today and tomorrow .","HIMACHAL PRADESH","KANGRA","RAIT                                              ","2017-07-12 16:14:27.547"
"RABI","AGRICULTURE","Others","Others","	Plant Protection	","weather of kangra ?","some chance of rainfall","HIMACHAL PRADESH","KANGRA","KANGRA                                            ","2017-07-12 18:15:41.110"
"KHARIF","HORTICULTURE","Vegetables","Ash Gourd (Petha)","Weather","INFORMATION REGARDING OF WEATHER ?","SOME CHANCES OF RAIN TODAY AND TOMORROW .","HIMACHAL PRADESH","KANGRA","DHARAMSHALA","2017-07-12 18:43:55.070"
"KHARIF","HORTICULTURE","Flowers","Marigold","	Plant Protection	","INFORMATION REGARDING OF BOTTLE GOURD ?","SPRAY OF OXYDAMYDON METHYLE @ 1 ML  IN 1 LITER OF WATER .","HIMACHAL PRADESH","KANGRA","INDORA                                            ","2017-07-12 19:10:38.470"
"KHARIF","AGRICULTURE","Cereals","Paddy (Dhan)","Weed Management","Information regarding how to manage weeds in paddy?","spray nomineegold 100ml/200l of water to control weeds in paddy","HIMACHAL PRADESH","KANGRA","NURPUR                                            ","2017-07-13 11:10:52.777"
"KHARIF","AGRICULTURE","Others","Others","Weather","Information regarding weather in kangra ?","weather in kullu  are : Today  cloudy and  chance of rain .","HIMACHAL PRADESH","KANGRA","INDORA                                            ","2017-07-13 13:42:19.917"
"KHARIF","AGRICULTURE","Others","Others","Weather","information regarding weather in nurpur ?","some chance of rainfall today.","HIMACHAL PRADESH","KANGRA","NURPUR                                            ","2017-07-13 13:43:46.187"
"KHARIF","AGRICULTURE","Others","Others","Weather","Information regarding weather in kangra ?","weather in kangra  are : Today clouday and  rain .","HIMACHAL PRADESH","KANGRA","NAGROTA BAGWAN                                    ","2017-07-13 13:58:50.260"
"KHARIF","HORTICULTURE","Flowers","Rose","Seeds and Planting Material","INFORMATION REGARDING KIRSHI BHIMAA YOJANA ?","please contact Nearest Block in ADO.","HIMACHAL PRADESH","KANGRA","PRAGPUR                                           ","2017-07-13 14:11:09.100"
"KHARIF","AGRICULTURE","Others","Others","Weather","information regarding weather  ?","some, chance of rainfall today .","HIMACHAL PRADESH","KANGRA","NAGROTA BAGWAN                                    ","2017-07-13 15:50:28.580"
"KHARIF","AGRICULTURE","Oilseeds","Sunflower (suryamukhi)","Cultural Practices","what is the sowing time of sunflower","sowing time of sunflower is february - march","HIMACHAL PRADESH","KANGRA","DEHRA GOPIPUR                                     ","2017-07-13 17:29:11.340"
"KHARIF","AGRICULTURE","Others","Others","Weather","information regarding weather  ?","some, chance of rainfall today .","HIMACHAL PRADESH","KANGRA","FATEHPUR                                          ","2017-07-13 19:25:32.210"
"KHARIF","HORTICULTURE","Vegetables","Beans ","Weather","information regarding of weather ?","some chances of rain today and tomorrow .","HIMACHAL PRADESH","KANGRA","NAGROTA SURIAN                                    ","2017-07-13 19:44:42.597"
"KHARIF","AGRICULTURE","Others","Others","Weather","information regarding weather ?","some,chance of rainfall today.","HIMACHAL PRADESH","KANGRA","FATEHPUR                                          ","2017-07-14 07:58:58.020"
"KHARIF","AGRICULTURE","Others","Others","Weather","information regarding weather ?","some,chance of rainfall today.","HIMACHAL PRADESH","KANGRA","BHAWARNA                                          ","2017-07-14 09:34:04.560"
"KHARIF","AGRICULTURE","Others","Others","Weather","information regarding weather ?","some,chance of rainfall today.","HIMACHAL PRADESH","KANGRA","DEHRA GOPIPUR                                     ","2017-07-14 10:08:45.250"
"KHARIF","HORTICULTURE","Vegetables","Cucumber","Cultural Practices","how to control yellowness cucumber?","spray of saaf@ 2.5gm + biozyme 1ml per liter water.","HIMACHAL PRADESH","KANGRA","NURPUR                                            ","2017-07-14 10:13:05.747"
"KHARIF","AGRICULTURE","Others","Others","Weather","information regarding weather ?","some,chance of rainfall today.","HIMACHAL PRADESH","KANGRA","SULAH                                             ","2017-07-14 10:17:59.527"
"KHARIF","AGRICULTURE","Cereals","Paddy (Dhan)","Cultural Practices","Information regarding for fertilizer dose in paddy crops?","urea-16,super phosphate-20kg,murate of potash-5kg /BIGHA fertilizer dose in paddy crops","HIMACHAL PRADESH","KANGRA","INDORA                                            ","2017-07-14 10:28:22.757"
"KHARIF","AGRICULTURE","Others","Others","Weather","information regarding weather ?","some,chance of rainfall today.","HIMACHAL PRADESH","KANGRA","PRAGPUR                                           ","2017-07-14 12:18:37.120"
"KHARIF","HORTICULTURE","Vegetables","Cucumber","Cultural Practices","how to control of downy mildew in cucumber ?","spray with Ridomil mz @25gm/10 liter of water .","HIMACHAL PRADESH","KANGRA","INDORA                                            ","2017-07-14 12:19:08.397"
"KHARIF","AGRICULTURE","Others","Others","Weather","information regarding of weather in dehra","Weather today of dehra is cloudy and chance of rainfall.","HIMACHAL PRADESH","KANGRA","DEHRA GOPIPUR                                     ","2017-07-14 16:05:57.107"
"KHARIF","AGRICULTURE","Others","Others","Weather","Information regarding weather of KHUNDIAN?","clouds and rainfall in today and night IN KHUNDIAN","HIMACHAL PRADESH","KANGRA","DEHRA GOPIPUR                                     ","2017-07-15 08:10:37.137"
"KHARIF","AGRICULTURE","Cereals","Paddy (Dhan)","Cultural Practices","information regarding for urea dose in Paddy crops?","urea dose in Paddy crops are :3-4 kg/bigh","HIMACHAL PRADESH","KANGRA","PANCHRUKHI                                        ","2017-07-15 09:11:08.623"
"KHARIF","AGRICULTURE","Cereals","Paddy (Dhan)","Weed Management","how much dose of glyphosate and 2,4-d to be sprayed in the crop for weed management","spray glyphosate@ 23ml/litre of water and 2,4-d @1ml/litre of water","HIMACHAL PRADESH","KANGRA","LAMBAGAON                                         ","2017-07-15 09:38:59.727"
"KHARIF","AGRICULTURE","Others","Others","Weather","information regarding weather ?","some,chance of rainfall today.","HIMACHAL PRADESH","KANGRA","DEHRA GOPIPUR                                     ","2017-07-15 10:38:59.207"
"KHARIF","AGRICULTURE","Others","Others","Weather","Question:- Information regarding weather of nurpur?","Some clouds and rainfall in today and night","HIMACHAL PRADESH","KANGRA","NURPUR                                            ","2017-07-15 11:03:15.400"
"KHARIF","AGRICULTURE","Millets","Maize (Makka)","Weed Management","How to control weed in maize crops?","weed control of maize is spray Atrazin 160gram/60 litre of water/bigha for used under 2days sowing time.and 200gram/4kg reta","HIMACHAL PRADESH","KANGRA","NAGROTA BAGWAN                                    ","2017-07-15 11:26:41.480"
"KHARIF","AGRICULTURE","Cereals","Paddy (Dhan)","Cultural Practices","HOW TO WEED CONTROL OF PADDY ?","weed control in Paddy is spray Nominee Gold @ 100ml/200 litre of water/bigha for used after  25-30 days sowing time .","HIMACHAL PRADESH","KANGRA","KANGRA                                            ","2017-07-15 13:42:26.777"
"KHARIF","HORTICULTURE","Fruits","Grape","Weather","information regarding of weather ?","some chances of rain today and tomorrow .","HIMACHAL PRADESH","KANGRA","DEHRA GOPIPUR                                     ","2017-07-15 14:05:27.117"
"KHARIF","HORTICULTURE","Vegetables","Brinjal","Cultural Practices","how to control of leaf spot in brinjal ?","spray with saaf @25gm/10 liter of water","HIMACHAL PRADESH","KANGRA","DEHRA GOPIPUR                                     ","2017-07-16 17:23:43.747"
"KHARIF","ANIMAL HUSBANDRY","Animal","Bovine(Cow,Buffalo)","Disease Management","the farmer asked give me contact no. vet.?","please contact this no. vet. 1800 180 8006. 01894-230467","HIMACHAL PRADESH","KANGRA","NURPUR                                            ","2017-07-17 06:46:18.190"
"KHARIF","AGRICULTURE","Others","Others","Weather","information regarding weather ?","some,chance of rainfall today.","HIMACHAL PRADESH","KANGRA","DEHRA GOPIPUR                                     ","2017-07-17 08:28:48.467"
"KHARIF","AGRICULTURE","Others","Others","Weather","INFORMATION REGARDING  WEATHER OF KANGRA   ?","today and tomorrow weather is cLOUDY AND CHANCE OF RAIN IN KANGRA .","HIMACHAL PRADESH","KANGRA","PRAGPUR                                           ","2017-07-17 11:08:03.267"
"KHARIF","AGRICULTURE","Others","Others","Weather","information regarding weather ?","some,chance of rainfall today.","HIMACHAL PRADESH","KANGRA","INDORA                                            ","2017-07-18 07:32:54.117"
"KHARIF","AGRICULTURE","Others","Others","Weather","information regarding weather ?","some,chance of rainfall today.","HIMACHAL PRADESH","KANGRA","NAGROTA SURIAN                                    ","2017-07-18 09:09:53.273"
"KHARIF","AGRICULTURE","Others","Others","Weather","information regarding weather ?","some,chance of rainfall today.","HIMACHAL PRADESH","KANGRA","INDORA                                            ","2017-07-18 09:31:58.733"
"KHARIF","AGRICULTURE","Others","Others","Weather","information regarding weather ?","some,chance of rainfall today.","HIMACHAL PRADESH","KANGRA","RAIT                                              ","2017-07-18 10:05:57.393"
"KHARIF","AGRICULTURE","Others","Others","Weather","information regarding weather ?","some,chance of rainfall today.","HIMACHAL PRADESH","KANGRA","INDORA                                            ","2017-07-18 10:43:18.517"
"KHARIF","AGRICULTURE","Others","Others","Weather","information regarding weather ?","some,chance of rainfall today.","HIMACHAL PRADESH","KANGRA","INDORA                                            ","2017-07-18 13:38:21.720"
"KHARIF","HORTICULTURE","Vegetables","Tomato","	Plant Protection	","how to control blight of tomato ?","spray of ridomil @ 2 gram per 1 water .","HIMACHAL PRADESH","KANGRA","PRAGPUR                                           ","2017-07-18 14:38:25.813"
"KHARIF","AGRICULTURE","Others","Others","Weather","information regarding of weather in khundiyan","Weather today of khundian is cloudy and chance of rainfall.","HIMACHAL PRADESH","KANGRA","DEHRA GOPIPUR                                     ","2017-07-18 16:06:42.243"
"KHARIF","HORTICULTURE","Vegetables","Bottle Gourd ","	Plant Protection	","how to control blight of bottle ?","spray of ridomil @ 2 gram per 1 water .","HIMACHAL PRADESH","KANGRA","FATEHPUR                                          ","2017-07-18 18:29:24.650"
"KHARIF","HORTICULTURE","Vegetables","Bottle Gourd ","	Plant Protection	","spray of ridomil @ 2 gram per 1 water .","spray of ridomil @ 2 gram per 1 water .","HIMACHAL PRADESH","KANGRA","BHAWARNA                                          ","2017-07-18 20:16:28.130"
"KHARIF","AGRICULTURE","Others","Others","Weather","information regarding weather ?","some,chance of rainfall today.","HIMACHAL PRADESH","KANGRA","INDORA                                            ","2017-07-19 06:46:52.067"
"KHARIF","HORTICULTURE","Vegetables","Brinjal","Cultural Practices","how to control leaf caterpiller in Brinjal ?","control leaf caterpiller in Brinjal are spray cypermethilin @ 1 ml/ litre of water.","HIMACHAL PRADESH","KANGRA","DEHRA GOPIPUR                                     ","2017-07-19 08:05:31.010"
"KHARIF","AGRICULTURE","Others","Others","Weather","Information regarding weather of FATEHPUR","Mostly clear and LEAST chance of rainfall in today and night,","HIMACHAL PRADESH","KANGRA","NURPUR                                            ","2017-07-19 11:39:46.010"
"KHARIF","AGRICULTURE","Others","Others","Weather","information regarding weather ?","some,chance of rainfall today.","HIMACHAL PRADESH","KANGRA","NURPUR                                            ","2017-07-19 11:47:09.333"
"KHARIF","AGRICULTURE","Others","Others","Weather","Information regarding weather of kangra?","partly cloudy and less chance of rainfall in today and night,","HIMACHAL PRADESH","KANGRA","NAGROTA BAGWAN                                    ","2017-07-19 12:11:53.327"
"KHARIF","HORTICULTURE","Fruits","Lemon","Cultural Practices","information regarding Planting distance of Lemon ?","Planting distance of Lemon are line to line 4.5 miter and plant to plant 4.5 miter.","HIMACHAL PRADESH","KANGRA","FATEHPUR                                          ","2017-07-19 12:53:20.173"
"KHARIF","AGRICULTURE","Others","Others","Weather","Information regarding weather of kangra?","Mostly cloudy and  chance of rainfall in today and night,","HIMACHAL PRADESH","KANGRA","KANGRA                                            ","2017-07-19 13:14:12.807"
"KHARIF","HORTICULTURE","Vegetables","Bitter Gourd","Cultural Practices","how to control fruit borer in Bitter  Gourd?","control fruit borer in Bitter  Gourd is spray fame @ 1 ml/ 3 litre of water","HIMACHAL PRADESH","KANGRA","PRAGPUR                                           ","2017-07-19 13:32:49.120"
"KHARIF","AGRICULTURE","Others","Others","Weather","information regarding weather ?","some,chance of rainfall today.","HIMACHAL PRADESH","KANGRA","NAGROTA SURIAN                                    ","2017-07-19 13:46:01.510"
"KHARIF","HORTICULTURE","Fruits","Apple","Cultural Practices","information regarding spray dose of Pre-Harvest (20-25 days before harvest)in apple?","spray dose of Pre-Harvest (20-25 days before harvest)in apple is Captan @ 600gram + malatheyan @ 200ml/200 litre of water.","HIMACHAL PRADESH","KANGRA","NAGROTA SURIAN                                    ","2017-07-19 13:51:46.473"
"KHARIF","AGRICULTURE","Others","Others","Weather","Question:- Information regarding weather of Sirmaur?","Mostly cloudy and  chance of rainfall in today and night,","HIMACHAL PRADESH","KANGRA","BAIJNATH                                          ","2017-07-19 14:05:30.030"
"RABI","AGRICULTURE","Others","Others","	Plant Protection	","how to control thirps in cucumber ?","spray of dacis@ 1 ml per liter water","HIMACHAL PRADESH","KANGRA","INDORA                                            ","2017-07-19 14:52:37.430"
"KHARIF","HORTICULTURE","Vegetables","Tomato","Cultural Practices","how to control fruit borer in tomato ?","control fruit borer in tomato is spray fame @ 1 ml/ 3 litre of water","HIMACHAL PRADESH","KANGRA","KANGRA                                            ","2017-07-19 14:59:26.693"
"RABI","AGRICULTURE","Others","Others","	Plant Protection	","how to control fungal disease in tulsi ?","spray of mancozab @ 2.5 gm per liter water .","HIMACHAL PRADESH","KANGRA","BHAWARNA                                          ","2017-07-19 19:10:00.883"
"RABI","AGRICULTURE","Others","Others","	Plant Protection	","how to control apids in cucumber ?","spray of dacis @ 1 ml per liter water .","HIMACHAL PRADESH","KANGRA","PRAGPUR                                           ","2017-07-19 19:18:10.190"
"RABI","AGRICULTURE","Others","Others","	Plant Protection	","weather of kangra ?","some chance of rainfall","HIMACHAL PRADESH","KANGRA","RAIT                                              ","2017-07-19 19:34:41.660"
"RABI","AGRICULTURE","Others","Others","	Plant Protection	","weather of nurpur ?","some chance of rainfall","HIMACHAL PRADESH","KANGRA","NURPUR                                            ","2017-07-19 21:08:36.850"
"KHARIF","AGRICULTURE","Cereals","Paddy (Dhan)","	Plant Protection	","INFORMATION REGARDING WEATHER ?","some chances of rainfall today","HIMACHAL PRADESH","KANGRA","BAIJNATH                                          ","2017-07-20 09:37:54.300"
"KHARIF","HORTICULTURE","Vegetables","Brinjal","Cultural Practices","how to control of blight in brinjal ?","spray with blitox @3gm/liter of water","HIMACHAL PRADESH","KANGRA","DEHRA GOPIPUR                                     ","2017-07-20 11:08:10.693"
"KHARIF","HORTICULTURE","Vegetables","Bitter Gourd","Cultural Practices","information regarding spray dose of 19:19:19 in bitter gourd ?","spray dose of 19:19:19 in bitter gourd is 3-4gm/litre of water.","HIMACHAL PRADESH","KANGRA","INDORA                                            ","2017-07-20 11:24:21.500"
"KHARIF","HORTICULTURE","Vegetables","Beans ","Weather","INFORMATION REGARDING SUBSIDY ?","please contact Nearest Block in ADO.","HIMACHAL PRADESH","KANGRA","INDORA                                            ","2017-07-20 13:25:41.180"
"KHARIF","HORTICULTURE","Vegetables","Bhindi(Okra/Ladysfinger)","	Plant Protection	","how to control aphids in bhindi?","spray dacis @1ml/litre of water","HIMACHAL PRADESH","KANGRA","PRAGPUR                                           ","2017-07-20 14:14:46.327"
"KHARIF","HORTICULTURE","Vegetables","Bitter Gourd","	Plant Protection	","How to control flower drooping in Apple ?","spray 1 ml Planofix in 4.5 litre water.","HIMACHAL PRADESH","KANGRA","INDORA                                            ","2017-07-20 16:34:08.457"
"KHARIF","AGRICULTURE","Others","Others","Weather","information regarding weather forecasting  ?","some chance of rainfall today .","HIMACHAL PRADESH","KANGRA","LAMBAGAON                                         ","2017-07-20 17:47:22.350"
"KHARIF","AGRICULTURE","Others","Others","Weather","information regarding weather forecasting  ?","some chance of rainfall today .","HIMACHAL PRADESH","KANGRA","LAMBAGAON                                         ","2017-07-20 17:48:54.387"
"KHARIF","HORTICULTURE","Vegetables","Beans ","	Plant Protection	","How to  control Motha Weed in  empty field?","control of  Motha Weed in empty field : Spray with Gramoxone @100 gram + Roundup(glyphosate) @ 250 ml + 300 gm Urea in 15 lt water","HIMACHAL PRADESH","KANGRA","DEHRA GOPIPUR                                     ","2017-07-20 18:15:48.357"
"KHARIF","AGRICULTURE","Others","Others","Weather","information regarding weather forecasting  ?","some chance of rainfall today .","HIMACHAL PRADESH","KANGRA","INDORA                                            ","2017-07-20 18:22:01.847"
"KHARIF","ANIMAL HUSBANDRY","Animal","Bovine(Cow,Buffalo)","Disease Management","the farmer asked give me contact no. vet.?","please contact this no. vet. 1800 180 8006. 01894-230467","HIMACHAL PRADESH","KANGRA","KANGRA                                            ","2017-07-21 06:29:07.510"
"KHARIF","AGRICULTURE","Others","Others","Weather","information regarding weather ?","some,chance of rainfall today.","HIMACHAL PRADESH","KANGRA","DEHRA GOPIPUR                                     ","2017-07-21 08:09:46.543"
"KHARIF","HORTICULTURE","Condiments and Spices","Ginger","Cultural Practices","how to control yellowness Ginger?","spray with saaf @25gm/10 liter of water .","HIMACHAL PRADESH","KANGRA","NAGROTA BAGWAN                                    ","2017-07-21 09:19:56.133"
"KHARIF","AGRICULTURE","Others","Others","Weather","information regarding weather ?","some,chance of rainfall today.","HIMACHAL PRADESH","KANGRA","NURPUR                                            ","2017-07-21 09:56:36.353"
"KHARIF","AGRICULTURE","Others","Others","Weather","information regarding weather in kangra ?","some clouds,chance of rainfall today in kangra.","HIMACHAL PRADESH","KANGRA","NAGROTA BAGWAN                                    ","2017-07-21 10:47:19.987"
"KHARIF","AGRICULTURE","Others","Others","Weather","Information regarding weather of khundian?","clouds and chance of rainfall in lhundian tonight","HIMACHAL PRADESH","KANGRA","DEHRA GOPIPUR                                     ","2017-07-21 13:40:19.533"
"KHARIF","HORTICULTURE","Vegetables","Capsicum","	Plant Protection	","Information Regarding Weather in KANGRA  ?","Weather in KANGRA  are : Today no chance of rain .","HIMACHAL PRADESH","KANGRA","FATEHPUR                                          ","2017-07-21 15:38:43.940"
"KHARIF","HORTICULTURE","Vegetables","Cucumber","	Plant Protection	","how to control leaf spot  in tomato ?","control leaf spot  in tomato is spray blitox @ 3gram/litre of water.","HIMACHAL PRADESH","KANGRA","NURPUR                                            ","2017-07-21 18:09:15.767"
"RABI","AGRICULTURE","Others","Others","	Plant Protection	","how to control fungal disease in cucumber ?","spray of saaf @ 2.5 gm per liter water .","HIMACHAL PRADESH","KANGRA","NURPUR                                            ","2017-07-21 18:19:10.150"
"KHARIF","HORTICULTURE","Vegetables","Baby Corn","	Plant Protection	","information regarding weather forecasting  ?","some chance of rainfall today .","HIMACHAL PRADESH","KANGRA","PANCHRUKHI                                        ","2017-07-21 20:12:34.563"
"KHARIF","AGRICULTURE","Cereals","Paddy (Dhan)","Cultural Practices","Information regarding for fertilizer dose in paddy crops?","urea-16,super phosphate-20kg,murate of potash-5kg /BIGHA fertilizer dose in paddy crops","HIMACHAL PRADESH","KANGRA","KANGRA                                            ","2017-07-22 07:02:24.187"
"KHARIF","AGRICULTURE","Cereals","Paddy (Dhan)","Cultural Practices","How to control  leaf folder   in paddy ?","spray with   chlorpariphos @ 2ml/litre of water.","HIMACHAL PRADESH","KANGRA","NURPUR                                            ","2017-07-22 08:55:15.553"
"KHARIF","AGRICULTURE","Cereals","Paddy (Dhan)","Cultural Practices","how to control weeds in field ?","spray 3 ml glyphosate per litre of water","HIMACHAL PRADESH","KANGRA","KANGRA                                            ","2017-07-22 11:42:33.690"
"KHARIF","AGRICULTURE","Others","Others","Weather","information regarding weather in dharamshala ?","clouds,chance of rainfall today in dharamshala.","HIMACHAL PRADESH","KANGRA","DHARAMSHALA","2017-07-22 13:22:19.533"
"KHARIF","AGRICULTURE","Others","Others","Weather","information regarding weather in kangra ?","cloudy,chance of rainfall today in kangra.","HIMACHAL PRADESH","KANGRA","INDORA                                            ","2017-07-22 13:46:34.707"
"KHARIF","AGRICULTURE","Others","Others","Weather","information regarding weather in kangra?","cloudy ,chance of rainfall today.","HIMACHAL PRADESH","KANGRA","FATEHPUR                                          ","2017-07-22 14:57:29.077"
"KHARIF","HORTICULTURE","Fruits","Guava","Cultural Practices","the farmer asked give me contact no. palampur uni. ?","please contact this no. 01894 230395,230399 palampur uni.","HIMACHAL PRADESH","KANGRA","INDORA                                            ","2017-07-22 15:10:51.943"
"KHARIF","HORTICULTURE","Vegetables","Tomato","Weather","Weather report of kangra ?","Weather report of kangra is cloudy and some  chances of rainfall.","HIMACHAL PRADESH","KANGRA","NURPUR                                            ","2017-07-22 15:49:04.530"
"KHARIF","AGRICULTURE","Cereals","Paddy (Dhan)","Cultural Practices","HOW TO WEED CONTROL OF PADDY ?","weed control in Paddy is spray Nominee Gold @ 100ml/150 litre of water/acre for used after  25-30 days sowing time .","HIMACHAL PRADESH","KANGRA","KANGRA                                            ","2017-07-22 16:19:15.473"
"KHARIF","AGRICULTURE","Cereals","Wheat","Credit","Information regarding kisan credit card.","Contact the nearest bank for the Kisan Credit Card.","HIMACHAL PRADESH","KANGRA","PANCHRUKHI                                        ","2017-07-22 16:29:00.980"
"KHARIF","HORTICULTURE","Vegetables","Cucumber","Cultural Practices","how to control fruit borer in cucumber ?","control fruit borer in cucumber is spray fame @ 1 ml/ 3 litre of water","HIMACHAL PRADESH","KANGRA","INDORA                                            ","2017-07-22 17:08:39.900"
"KHARIF","HORTICULTURE","Plantation Crops","Chinar Tree","Cultural Practices","the farmer asked give me contact no. palampur uni. ?","please contact this no. 01894 230395,230399 palampur uni.","HIMACHAL PRADESH","KANGRA","NURPUR                                            ","2017-07-22 17:58:35.180"
"KHARIF","HORTICULTURE","Fruits","Lemon","Cultural Practices","how to control leaf curl aphid in lemon ?","control leaf curl aphid in lemon are spray rogor 30Ec @ 1ml/litre of water.","HIMACHAL PRADESH","KANGRA","PRAGPUR                                           ","2017-07-22 18:10:58.920"
"RABI","AGRICULTURE","Others","Others","	Plant Protection	","weather of kangra ?","some chance of rainfall","HIMACHAL PRADESH","KANGRA","LAMBAGAON                                         ","2017-07-22 19:00:09.563"
"RABI","AGRICULTURE","Others","Others","	Plant Protection	","CONTACT NO PALAMPUR  UNIVERSITY?","CONTACT NO PALAMPUR  UNIVERSITY 01894 230395 .","HIMACHAL PRADESH","KANGRA","KANGRA                                            ","2017-07-22 19:16:39.157"
"RABI","AGRICULTURE","Others","Others","	Plant Protection	","weather of kangra ?","some chance  of rainfall","HIMACHAL PRADESH","KANGRA","KANGRA                                            ","2017-07-22 19:18:10.347"
"RABI","AGRICULTURE","Others","Others","	Plant Protection	","CONTACT NO PALAMPUR  UNIVERSITY ?","CONTACT NO PALAMPUR  UNIVERSITY 01894 230395 .","HIMACHAL PRADESH","KANGRA","RAIT                                              ","2017-07-22 19:26:41.550"
"KHARIF","HORTICULTURE","Vegetables","Tomato","Weather","Weather report of Nurpur ?","Weather report of Nurpur is cloudy and some  chances of rainfall.","HIMACHAL PRADESH","KANGRA","NURPUR                                            ","2017-07-22 20:26:29.063"
"KHARIF","HORTICULTURE","Vegetables","Tomato","Weather","Weather report of Nurpur ?","Weather report of Nurpur is cloudy and some  chances of rainfall.","HIMACHAL PRADESH","KANGRA","NURPUR                                            ","2017-07-23 07:51:49.610"
"KHARIF","HORTICULTURE","Vegetables","Tomato","Cultural Practices","how to Control root borer in tomato ?","Control root borer in tomato are drenching chlorpariphos @ 3ml/litre of water.","HIMACHAL PRADESH","KANGRA","NAGROTA BAGWAN                                    ","2017-07-23 08:04:03.920"
"KHARIF","HORTICULTURE","Vegetables","Bhindi(Okra/Ladysfinger)","Weather","Question:- Information regarding weather of palmpur?","Mostly clear and some  chance of rainfall in today and night,","HIMACHAL PRADESH","KANGRA","BHAWARNA                                          ","2017-07-23 16:04:44.930"
"KHARIF","HORTICULTURE","Vegetables","Beans ","	Plant Protection	","Question:- Information regarding weather of Sirmaur?Answer:-","Mostly clear and no chance of rainfall in today and night,","HIMACHAL PRADESH","KANGRA","DEHRA GOPIPUR                                     ","2017-07-23 16:37:14.903"
"KHARIF","HORTICULTURE","Flowers","Marigold","Cultural Practices","Information regarding Give me Nauni Uni.Helpline Phone No ?","Nauni Uni.Helpline Phone No are :01792-252326,252706","HIMACHAL PRADESH","KANGRA","KANGRA                                            ","2017-07-23 17:30:54.910"
"RABI","AGRICULTURE","Others","Others","	Plant Protection	","solan university number ?","solan university number -01792 252328","HIMACHAL PRADESH","KANGRA","DEHRA GOPIPUR                                     ","2017-07-23 18:14:23.400"
"KHARIF","HORTICULTURE","Vegetables","Beans ","	Plant Protection	","how to control blight of tomato ?","spray of ridomil @ 2 gram per 1 water .","HIMACHAL PRADESH","KANGRA","KANGRA                                            ","2017-07-23 19:08:43.463"
"KHARIF","AGRICULTURE","Cereals","Paddy (Dhan)","Cultural Practices","Information regarding for deficiency of Zink in paddy crops?","Spray with zinc sulphare 21% @400gm+ quick lime @200gm/80 liter of water par bigha .","HIMACHAL PRADESH","KANGRA","KANGRA                                            ","2017-07-23 19:24:54.847"
"RABI","AGRICULTURE","Others","Others","	Plant Protection	","weather of kangra ?","some chance of rainfall","HIMACHAL PRADESH","KANGRA","KANGRA                                            ","2017-07-24 06:56:19.013"
"RABI","AGRICULTURE","Others","Others","	Field Preparation	","weather of kangra ?","some chance of rainfall today .","HIMACHAL PRADESH","KANGRA","FATEHPUR                                          ","2017-07-24 11:20:25.173"
"KHARIF","AGRICULTURE","Others","Others","Weather","Information regarding weather of nagrota?","cloudy and chance of rainfall in nagrota today and night","HIMACHAL PRADESH","KANGRA","NAGROTA BAGWAN                                    ","2017-07-24 13:13:35.757"
"RABI","AGRICULTURE","Others","Others","	Field Preparation	","CONTACT NO PALAMPUR  UNIVERSITY ?","CONTACT NO PALAMPUR  UNIVERSITY 01894 230395 .","HIMACHAL PRADESH","KANGRA","INDORA                                            ","2017-07-24 13:15:15.960"
"KHARIF","AGRICULTURE","Others","Others","Weather","Information Regarding Weather in indora?","Weather in indora are : Today chance of rain .","HIMACHAL PRADESH","KANGRA","INDORA                                            ","2017-07-24 15:06:31.630"
"KHARIF","HORTICULTURE","Condiments and Spices","Ginger","Cultural Practices","how to control yellowness ginger?","spray of saaf@ 2.5gm + biozyme 1ml per liter water.","HIMACHAL PRADESH","KANGRA","BAIJNATH                                          ","2017-07-25 07:56:56.983"
"KHARIF","HORTICULTURE","Vegetables","Cauliflower","Cultural Practices","TELL ME ABOUT SOWING TIME OF CAULIFLOWER ?","SOWING TIME OF CAULIFLOWER FROM :EARLY =JUNE-JULY ,MID=AUG.-SEPT.,LATE=OCT.-NOV","HIMACHAL PRADESH","KANGRA","BAIJNATH                                          ","2017-07-25 08:01:25.527"
"KHARIF","AGRICULTURE","Millets","Maize (Makka)","Cultural Practices","Information regarding for fertilizer dose in maize crops?","Fym-12q,urea-21,super phosphate-30kg,murate of potash-5kg /BIGHA fertilizer dose in paddy crops","HIMACHAL PRADESH","KANGRA","LAMBAGAON                                         ","2017-07-25 11:48:18.993"
"KHARIF","AGRICULTURE","Others","Others","Weather","information regarding weather ?","some,chance of rainfall today.","HIMACHAL PRADESH","KANGRA","KANGRA                                            ","2017-07-26 09:18:17.600"
"KHARIF","AGRICULTURE","Others","Others","Weather","information regarding weather ?","some,chance of rainfall today.","HIMACHAL PRADESH","KANGRA","NURPUR                                            ","2017-07-26 09:37:20.653"
"KHARIF","AGRICULTURE","Others","Others","Weather","information regarding weather ?","some,chance of rainfall today.","HIMACHAL PRADESH","KANGRA","NAGROTA SURIAN                                    ","2017-07-26 09:53:12.633"
"KHARIF","HORTICULTURE","Fruits","Apple","Weather","Question:- Information regarding weather of Simla?","Answer:- Some clouds and no chance of rainfall in tonight.","HIMACHAL PRADESH","KANGRA","BAIJNATH                                          ","2017-07-26 12:28:31.673"
"KHARIF","HORTICULTURE","Vegetables","Beans ","Weather","Question:- Information regarding weather of Simla?","Answer:- Some clouds and no chance of rainfall in tonight.","HIMACHAL PRADESH","KANGRA","BAIJNATH                                          ","2017-07-26 12:34:16.360"
"KHARIF","HORTICULTURE","Fruits","Orange","	Plant Protection	","How To Control Leaf Crop in Peach ?","Control Leaf Crop in Peach  are : Spray Monocrotofos @ 1 ml /1 liter of water .","HIMACHAL PRADESH","KANGRA","PANCHRUKHI                                        ","2017-07-26 19:40:49.870"
"KHARIF","AGRICULTURE","Cereals","Paddy (Dhan)","Weather","Question:- Information regarding weather of Simla?","Answer:- Some clouds and some  chance of rainfall in tonight.","HIMACHAL PRADESH","KANGRA","BHAWARNA                                          ","2017-07-27 09:58:42.620"
"KHARIF","HORTICULTURE","Vegetables","Cauliflower","Weather","Weather report of Rait ?","Weather report of Rait is cloudy and some  chances of rainfall.","HIMACHAL PRADESH","KANGRA","RAIT                                              ","2017-07-27 10:39:00.000"
"KHARIF","AGRICULTURE","Oilseeds","Soybean (bhat)","Cultural Practices","the farmer asked give me contact no. palampur uni. ?","please contact this no. 01894 230395,230399 palampur uni.","HIMACHAL PRADESH","KANGRA","INDORA                                            ","2017-07-27 13:14:01.783"
"KHARIF","AGRICULTURE","Cereals","Paddy (Dhan)","	Plant Protection	","Information regarding weather in kANGRA  ?
.","weather in kANGRA   are : Today Partley clouday and no chance of rain","HIMACHAL PRADESH","KANGRA","FATEHPUR                                          ","2017-07-27 14:22:02.583"
"KHARIF","AGRICULTURE","Millets","Maize (Makka)","Cultural Practices","Information regarding for fertilizer dose in maize crops?","Fym-12q,urea-21,super phosphate-30kg,murate of potash-5kg /BIGHA fertilizer dose in paddy crops","HIMACHAL PRADESH","KANGRA","RAIT                                              ","2017-07-29 11:07:04.310"
"KHARIF","AGRICULTURE","Others","Others","Weather","information regarding weather  ?","some, chance of rainfall today .","HIMACHAL PRADESH","KANGRA","PRAGPUR                                           ","2017-07-29 15:09:34.460"
"KHARIF","AGRICULTURE","Others","Others","Weather","information regarding weather  ?","some, chance of rainfall today .","HIMACHAL PRADESH","KANGRA","KANGRA                                            ","2017-07-29 16:02:35.220"
"KHARIF","AGRICULTURE","Others","Others","Weather","Information regarding weather in indora?","today weather is cloudy and rainy in indora","HIMACHAL PRADESH","KANGRA","INDORA                                            ","2017-07-31 06:38:48.980"
"KHARIF","AGRICULTURE","Others","Others","Weather","information regarding weather in kangra?","weather in kangra is cloudy and rainy.","HIMACHAL PRADESH","KANGRA","RAIT                                              ","2017-07-31 08:22:56.983"
"KHARIF","AGRICULTURE","Others","Others","Weather","information regarding weather in kangra?","weather in kangra is cloudy and rainy","HIMACHAL PRADESH","KANGRA","KANGRA                                            ","2017-07-31 12:38:20.853"
"KHARIF","ANIMAL HUSBANDRY","Animal","Bovine(Cow,Buffalo)","Disease Management","the farmer asked give me contact no. vet.?","please contact this no. vet. 1800 180 8006. 01894-230467","HIMACHAL PRADESH","KANGRA","PRAGPUR                                           ","2017-07-31 16:59:39.717"
